,Bread,Milk,Coronas,Diapers,shoes,clothes,cookies,chips,toys,movies
 Bread  Coronas Diapers   cookies  toys movies,1,0,1,1,0,0,1,0,1,1
    Diapers  clothes   toys ,0,0,0,1,0,1,0,0,1,0
     shoes  cookies  toys movies,0,0,0,0,1,0,1,0,1,1
    Diapers shoes clothes   toys ,0,0,0,1,1,1,0,0,1,0
  Milk   shoes clothes cookies   movies,0,1,0,0,1,1,1,0,0,1
  Milk   shoes  cookies chips toys ,0,1,0,0,1,0,1,1,1,0
  Milk Coronas Diapers shoes clothes cookies chips toys ,0,1,1,1,1,1,1,1,1,0
    Diapers  clothes   toys movies,0,0,0,1,0,1,0,0,1,1
 Bread Milk  Diapers shoes  cookies chips toys ,1,1,0,1,1,0,1,1,1,0
 Bread   Diapers   cookies  toys ,1,0,0,1,0,0,1,0,1,0
       cookies chips  movies,0,0,0,0,0,0,1,1,0,1
  Milk    clothes   toys movies,0,1,0,0,0,1,0,0,1,1
      clothes cookies   movies,0,0,0,0,0,1,1,0,0,1
  Milk  Diapers shoes  cookies   movies,0,1,0,1,1,0,1,0,0,1
 Bread  Coronas     chips  ,1,0,1,0,0,0,0,1,0,0
 Bread Milk Coronas Diapers  clothes cookies   ,1,1,1,1,0,1,1,0,0,0
   Coronas Diapers   cookies  toys ,0,0,1,1,0,0,1,0,1,0
   Coronas   clothes cookies   ,0,0,1,0,0,1,1,0,0,0
 Bread Milk   shoes clothes    movies,1,1,0,0,1,1,0,0,0,1
 Bread Milk Coronas  shoes clothes    ,1,1,1,0,1,1,0,0,0,0
   Coronas Diapers  clothes cookies   movies,0,0,1,1,0,1,1,0,0,1
 Bread Milk  Diapers    chips  ,1,1,0,1,0,0,0,1,0,0
     shoes clothes cookies   movies,0,0,0,0,1,1,1,0,0,1
 Bread Milk Coronas    cookies   ,1,1,1,0,0,0,1,0,0,0
 Bread  Coronas Diapers  clothes cookies chips toys movies,1,0,1,1,0,1,1,1,1,1
  Milk Coronas Diapers   cookies   movies,0,1,1,1,0,0,1,0,0,1
  Milk  Diapers shoes clothes  chips  movies,0,1,0,1,1,1,0,1,0,1
 Bread    shoes  cookies chips toys movies,1,0,0,0,1,0,1,1,1,1
     shoes   chips  ,0,0,0,0,1,0,0,1,0,0
   Coronas     chips  movies,0,0,1,0,0,0,0,1,0,1
  Milk   shoes  cookies   movies,0,1,0,0,1,0,1,0,0,1
   Coronas   clothes cookies chips toys movies,0,0,1,0,0,1,1,1,1,1
  Milk    clothes cookies chips  ,0,1,0,0,0,1,1,1,0,0
      clothes   toys movies,0,0,0,0,0,1,0,0,1,1
    Diapers  clothes cookies chips  movies,0,0,0,1,0,1,1,1,0,1
     shoes clothes    ,0,0,0,0,1,1,0,0,0,0
 Bread   Diapers shoes  cookies chips  ,1,0,0,1,1,0,1,1,0,0
 Bread    shoes  cookies chips  movies,1,0,0,0,1,0,1,1,0,1
    Diapers shoes clothes   toys ,0,0,0,1,1,1,0,0,1,0
 Bread  Coronas Diapers shoes clothes cookies  toys movies,1,0,1,1,1,1,1,0,1,1
 Bread  Coronas  shoes clothes cookies  toys ,1,0,1,0,1,1,1,0,1,0
 Bread Milk    clothes cookies  toys ,1,1,0,0,0,1,1,0,1,0
 Bread  Coronas  shoes  cookies chips toys ,1,0,1,0,1,0,1,1,1,0
 Bread  Coronas     chips  ,1,0,1,0,0,0,0,1,0,0
 Bread  Coronas Diapers shoes clothes    ,1,0,1,1,1,1,0,0,0,0
 Bread  Coronas   clothes cookies   ,1,0,1,0,0,1,1,0,0,0
  Milk    clothes  chips  ,0,1,0,0,0,1,0,1,0,0
   Coronas    cookies chips toys movies,0,0,1,0,0,0,1,1,1,1
  Milk   shoes  cookies   movies,0,1,0,0,1,0,1,0,0,1
   Coronas  shoes  cookies chips  ,0,0,1,0,1,0,1,1,0,0
 Bread Milk     cookies  toys movies,1,1,0,0,0,0,1,0,1,1
   Coronas  shoes    toys movies,0,0,1,0,1,0,0,0,1,1
     shoes clothes  chips  movies,0,0,0,0,1,1,0,1,0,1
 Bread Milk Coronas  shoes clothes   toys ,1,1,1,0,1,1,0,0,1,0
   Coronas Diapers shoes    toys movies,0,0,1,1,1,0,0,0,1,1
 Bread Milk Coronas Diapers    chips  ,1,1,1,1,0,0,0,1,0,0
   Coronas Diapers shoes clothes cookies   movies,0,0,1,1,1,1,1,0,0,1
 Bread  Coronas  shoes  cookies   ,1,0,1,0,1,0,1,0,0,0
  Milk      chips  movies,0,1,0,0,0,0,0,1,0,1
     shoes clothes cookies  toys ,0,0,0,0,1,1,1,0,1,0
 Bread Milk Coronas Diapers  clothes    movies,1,1,1,1,0,1,0,0,0,1
 Bread       chips toys ,1,0,0,0,0,0,0,1,1,0
      clothes   toys ,0,0,0,0,0,1,0,0,1,0
    Diapers     toys ,0,0,0,1,0,0,0,0,1,0
 Bread   Diapers shoes clothes  chips toys ,1,0,0,1,1,1,0,1,1,0
 Bread Milk  Diapers    chips toys movies,1,1,0,1,0,0,0,1,1,1
  Milk  Diapers shoes    toys ,0,1,0,1,1,0,0,0,1,0
   Coronas Diapers  clothes  chips toys movies,0,0,1,1,0,1,0,1,1,1
 Bread Milk Coronas  shoes  cookies   movies,1,1,1,0,1,0,1,0,0,1
 Bread Milk Coronas  shoes  cookies   ,1,1,1,0,1,0,1,0,0,0
 Bread   Diapers  clothes    ,1,0,0,1,0,1,0,0,0,0
  Milk  Diapers   cookies chips  ,0,1,0,1,0,0,1,1,0,0
    Diapers  clothes  chips  movies,0,0,0,1,0,1,0,1,0,1
  Milk Coronas Diapers shoes   chips toys ,0,1,1,1,1,0,0,1,1,0
 Bread Milk  Diapers  clothes cookies  toys ,1,1,0,1,0,1,1,0,1,0
 Bread       chips  ,1,0,0,0,0,0,0,1,0,0
 Bread Milk Coronas Diapers shoes clothes    ,1,1,1,1,1,1,0,0,0,0
 Bread     clothes    movies,1,0,0,0,0,1,0,0,0,1
   Coronas Diapers      movies,0,0,1,1,0,0,0,0,0,1
     shoes clothes cookies chips toys ,0,0,0,0,1,1,1,1,1,0
 Bread  Coronas Diapers  clothes cookies chips  movies,1,0,1,1,0,1,1,1,0,1
     shoes  cookies chips  movies,0,0,0,0,1,0,1,1,0,1
  Milk Coronas    cookies   ,0,1,1,0,0,0,1,0,0,0
  Milk  Diapers shoes  cookies chips toys ,0,1,0,1,1,0,1,1,1,0
 Bread  Coronas  shoes    toys movies,1,0,1,0,1,0,0,0,1,1
 Bread Milk Coronas Diapers shoes  cookies chips  ,1,1,1,1,1,0,1,1,0,0
 Bread  Coronas Diapers shoes clothes    movies,1,0,1,1,1,1,0,0,0,1
    Diapers shoes  cookies  toys movies,0,0,0,1,1,0,1,0,1,1
 Bread   Diapers  clothes cookies chips  movies,1,0,0,1,0,1,1,1,0,1
 Bread Milk  Diapers shoes clothes cookies   movies,1,1,0,1,1,1,1,0,0,1
    Diapers shoes clothes   toys movies,0,0,0,1,1,1,0,0,1,1
  Milk Coronas Diapers shoes  cookies   ,0,1,1,1,1,0,1,0,0,0
 Bread  Coronas Diapers shoes  cookies chips toys movies,1,0,1,1,1,0,1,1,1,1
 Bread Milk Coronas     chips toys ,1,1,1,0,0,0,0,1,1,0
 Bread   Diapers     toys movies,1,0,0,1,0,0,0,0,1,1
   Coronas  shoes clothes  chips toys movies,0,0,1,0,1,1,0,1,1,1
 Bread  Coronas   clothes  chips toys ,1,0,1,0,0,1,0,1,1,0
 Bread  Coronas Diapers  clothes cookies  toys ,1,0,1,1,0,1,1,0,1,0
   Coronas Diapers shoes  cookies chips  ,0,0,1,1,1,0,1,1,0,0
 Bread Milk Coronas Diapers  clothes cookies chips toys ,1,1,1,1,0,1,1,1,1,0
  Milk Coronas  shoes  cookies  toys ,0,1,1,0,1,0,1,0,1,0
    Diapers  clothes cookies chips toys ,0,0,0,1,0,1,1,1,1,0
 Bread  Coronas    cookies chips  ,1,0,1,0,0,0,1,1,0,0
 Bread Milk  Diapers shoes clothes   toys movies,1,1,0,1,1,1,0,0,1,1
 Bread  Coronas   clothes cookies chips  ,1,0,1,0,0,1,1,1,0,0
 Bread  Coronas   clothes  chips  movies,1,0,1,0,0,1,0,1,0,1
   Coronas  shoes clothes cookies chips  movies,0,0,1,0,1,1,1,1,0,1
  Milk   shoes    toys movies,0,1,0,0,1,0,0,0,1,1
   Coronas    cookies chips  movies,0,0,1,0,0,0,1,1,0,1
 Bread     clothes cookies  toys movies,1,0,0,0,0,1,1,0,1,1
 Bread  Coronas  shoes     ,1,0,1,0,1,0,0,0,0,0
    Diapers shoes  cookies   ,0,0,0,1,1,0,1,0,0,0
   Coronas Diapers shoes clothes cookies  toys ,0,0,1,1,1,1,1,0,1,0
  Milk  Diapers   cookies  toys movies,0,1,0,1,0,0,1,0,1,1
   Coronas  shoes clothes  chips  movies,0,0,1,0,1,1,0,1,0,1
 Bread Milk Coronas Diapers    chips toys ,1,1,1,1,0,0,0,1,1,0
   Coronas Diapers  clothes    movies,0,0,1,1,0,1,0,0,0,1
 Bread Milk Coronas Diapers    chips toys movies,1,1,1,1,0,0,0,1,1,1
 Bread Milk Coronas Diapers shoes clothes  chips toys ,1,1,1,1,1,1,0,1,1,0
 Bread Milk Coronas Diapers      ,1,1,1,1,0,0,0,0,0,0
   Coronas  shoes clothes  chips  movies,0,0,1,0,1,1,0,1,0,1
  Milk  Diapers   cookies  toys movies,0,1,0,1,0,0,1,0,1,1
  Milk   shoes clothes   toys movies,0,1,0,0,1,1,0,0,1,1
 Bread Milk Coronas  shoes clothes    movies,1,1,1,0,1,1,0,0,0,1
 Bread     clothes  chips  ,1,0,0,0,0,1,0,1,0,0
 Bread Milk Coronas     chips  movies,1,1,1,0,0,0,0,1,0,1
  Milk   shoes   chips  movies,0,1,0,0,1,0,0,1,0,1
     shoes   chips toys ,0,0,0,0,1,0,0,1,1,0
    Diapers  clothes cookies chips  movies,0,0,0,1,0,1,1,1,0,1
 Bread  Coronas       ,1,0,1,0,0,0,0,0,0,0
 Bread Milk   shoes clothes cookies  toys movies,1,1,0,0,1,1,1,0,1,1
   Coronas      toys movies,0,0,1,0,0,0,0,0,1,1
 Bread Milk  Diapers shoes clothes    movies,1,1,0,1,1,1,0,0,0,1
  Milk Coronas Diapers   cookies chips  ,0,1,1,1,0,0,1,1,0,0
  Milk Coronas      toys movies,0,1,1,0,0,0,0,0,1,1
 Bread  Coronas Diapers shoes   chips  ,1,0,1,1,1,0,0,1,0,0
 Bread Milk Coronas  shoes clothes cookies   ,1,1,1,0,1,1,1,0,0,0
 Bread Milk  Diapers shoes clothes cookies   movies,1,1,0,1,1,1,1,0,0,1
 Bread Milk   shoes clothes   toys movies,1,1,0,0,1,1,0,0,1,1
 Bread Milk Coronas  shoes clothes cookies chips  ,1,1,1,0,1,1,1,1,0,0
  Milk  Diapers  clothes cookies chips  ,0,1,0,1,0,1,1,1,0,0
  Milk Coronas Diapers  clothes cookies chips  ,0,1,1,1,0,1,1,1,0,0
 Bread  Coronas Diapers    chips toys ,1,0,1,1,0,0,0,1,1,0
    Diapers     toys movies,0,0,0,1,0,0,0,0,1,1
 Bread  Coronas Diapers shoes clothes cookies chips toys movies,1,0,1,1,1,1,1,1,1,1
   Coronas   clothes  chips  ,0,0,1,0,0,1,0,1,0,0
 Bread   Diapers shoes clothes cookies chips  ,1,0,0,1,1,1,1,1,0,0
 Bread Milk Coronas Diapers      movies,1,1,1,1,0,0,0,0,0,1
 Bread   Diapers shoes clothes    movies,1,0,0,1,1,1,0,0,0,1
    Diapers    chips toys ,0,0,0,1,0,0,0,1,1,0
  Milk Coronas Diapers shoes  cookies  toys ,0,1,1,1,1,0,1,0,1,0
  Milk Coronas   clothes cookies  toys ,0,1,1,0,0,1,1,0,1,0
 Bread Milk  Diapers shoes clothes cookies  toys movies,1,1,0,1,1,1,1,0,1,1
 Bread Milk Coronas  shoes     ,1,1,1,0,1,0,0,0,0,0
   Coronas Diapers shoes     movies,0,0,1,1,1,0,0,0,0,1
 Bread Milk   shoes    toys movies,1,1,0,0,1,0,0,0,1,1
  Milk  Diapers  clothes cookies   movies,0,1,0,1,0,1,1,0,0,1
  Milk   shoes  cookies chips  ,0,1,0,0,1,0,1,1,0,0
  Milk Coronas   clothes   toys ,0,1,1,0,0,1,0,0,1,0
  Milk Coronas   clothes cookies  toys ,0,1,1,0,0,1,1,0,1,0
 Bread  Coronas   clothes   toys ,1,0,1,0,0,1,0,0,1,0
 Bread Milk    clothes    movies,1,1,0,0,0,1,0,0,0,1
 Bread  Coronas    cookies  toys movies,1,0,1,0,0,0,1,0,1,1
 Bread   Diapers shoes   chips toys ,1,0,0,1,1,0,0,1,1,0
 Bread  Coronas  shoes clothes cookies   ,1,0,1,0,1,1,1,0,0,0
  Milk   shoes clothes cookies chips toys movies,0,1,0,0,1,1,1,1,1,1
  Milk     cookies chips  ,0,1,0,0,0,0,1,1,0,0
  Milk  Diapers      movies,0,1,0,1,0,0,0,0,0,1
 Bread Milk  Diapers shoes clothes  chips toys ,1,1,0,1,1,1,0,1,1,0
 Bread  Coronas Diapers   cookies chips  movies,1,0,1,1,0,0,1,1,0,1
 Bread  Coronas Diapers shoes  cookies  toys ,1,0,1,1,1,0,1,0,1,0
 Bread  Coronas Diapers  clothes cookies   movies,1,0,1,1,0,1,1,0,0,1
  Milk  Diapers  clothes cookies chips toys movies,0,1,0,1,0,1,1,1,1,1
      clothes cookies chips toys movies,0,0,0,0,0,1,1,1,1,1
  Milk Coronas Diapers  clothes cookies chips toys movies,0,1,1,1,0,1,1,1,1,1
   Coronas    cookies   movies,0,0,1,0,0,0,1,0,0,1
   Coronas  shoes     ,0,0,1,0,1,0,0,0,0,0
  Milk   shoes clothes    movies,0,1,0,0,1,1,0,0,0,1
 Bread   Diapers shoes  cookies   ,1,0,0,1,1,0,1,0,0,0
 Bread   Diapers  clothes cookies   ,1,0,0,1,0,1,1,0,0,0
   Coronas  shoes  cookies chips  ,0,0,1,0,1,0,1,1,0,0
   Coronas   clothes cookies chips  movies,0,0,1,0,0,1,1,1,0,1
  Milk  Diapers shoes clothes    movies,0,1,0,1,1,1,0,0,0,1
  Milk  Diapers   cookies chips toys ,0,1,0,1,0,0,1,1,1,0
 Bread Milk Coronas Diapers   cookies chips toys movies,1,1,1,1,0,0,1,1,1,1
 Bread    shoes clothes  chips  ,1,0,0,0,1,1,0,1,0,0
 Bread    shoes    toys movies,1,0,0,0,1,0,0,0,1,1
 Bread  Coronas  shoes  cookies  toys ,1,0,1,0,1,0,1,0,1,0
 Bread Milk    clothes   toys ,1,1,0,0,0,1,0,0,1,0
  Milk  Diapers shoes  cookies   movies,0,1,0,1,1,0,1,0,0,1
 Bread Milk    clothes cookies  toys movies,1,1,0,0,0,1,1,0,1,1
  Milk  Diapers shoes clothes cookies chips toys movies,0,1,0,1,1,1,1,1,1,1
 Bread Milk    clothes   toys movies,1,1,0,0,0,1,0,0,1,1
          movies,0,0,0,0,0,0,0,0,0,1
  Milk Coronas  shoes clothes cookies  toys ,0,1,1,0,1,1,1,0,1,0
   Coronas Diapers   cookies chips toys ,0,0,1,1,0,0,1,1,1,0
 Bread Milk   shoes  cookies   ,1,1,0,0,1,0,1,0,0,0
 Bread Milk Coronas Diapers shoes clothes cookies chips toys ,1,1,1,1,1,1,1,1,1,0
   Coronas    cookies  toys movies,0,0,1,0,0,0,1,0,1,1
 Bread    shoes clothes cookies   ,1,0,0,0,1,1,1,0,0,0
       cookies  toys ,0,0,0,0,0,0,1,0,1,0
    Diapers shoes clothes cookies  toys ,0,0,0,1,1,1,1,0,1,0
 Bread    shoes     ,1,0,0,0,1,0,0,0,0,0
 Bread Milk Coronas     chips toys ,1,1,1,0,0,0,0,1,1,0
 Bread  Coronas   clothes cookies  toys movies,1,0,1,0,0,1,1,0,1,1
  Milk  Diapers  clothes cookies chips toys ,0,1,0,1,0,1,1,1,1,0
 Bread   Diapers shoes clothes    ,1,0,0,1,1,1,0,0,0,0
 Bread Milk Coronas   clothes cookies  toys movies,1,1,1,0,0,1,1,0,1,1
 Bread Milk Coronas Diapers shoes clothes  chips  movies,1,1,1,1,1,1,0,1,0,1
 Bread  Coronas    cookies chips  movies,1,0,1,0,0,0,1,1,0,1
 Bread    shoes  cookies   movies,1,0,0,0,1,0,1,0,0,1
   Coronas  shoes    toys ,0,0,1,0,1,0,0,0,1,0
 Bread Milk Coronas Diapers  clothes  chips toys movies,1,1,1,1,0,1,0,1,1,1
   Coronas   clothes   toys ,0,0,1,0,0,1,0,0,1,0
    Diapers shoes  cookies   ,0,0,0,1,1,0,1,0,0,0
 Bread  Coronas     chips  ,1,0,1,0,0,0,0,1,0,0
 Bread    shoes  cookies chips  ,1,0,0,0,1,0,1,1,0,0
 Bread        toys ,1,0,0,0,0,0,0,0,1,0
 Bread Milk  Diapers  clothes    ,1,1,0,1,0,1,0,0,0,0
 Bread   Diapers  clothes  chips  ,1,0,0,1,0,1,0,1,0,0
 Bread Milk  Diapers  clothes  chips  movies,1,1,0,1,0,1,0,1,0,1
  Milk    clothes  chips toys ,0,1,0,0,0,1,0,1,1,0
    Diapers  clothes   toys movies,0,0,0,1,0,1,0,0,1,1
   Coronas Diapers shoes clothes cookies chips  movies,0,0,1,1,1,1,1,1,0,1
 Bread Milk  Diapers shoes    toys movies,1,1,0,1,1,0,0,0,1,1
 Bread Milk  Diapers  clothes  chips toys ,1,1,0,1,0,1,0,1,1,0
 Bread Milk Coronas  shoes  cookies chips toys ,1,1,1,0,1,0,1,1,1,0
         toys movies,0,0,0,0,0,0,0,0,1,1
       cookies  toys movies,0,0,0,0,0,0,1,0,1,1
 Bread Milk  Diapers  clothes  chips  movies,1,1,0,1,0,1,0,1,0,1
 Bread  Coronas Diapers   cookies  toys movies,1,0,1,1,0,0,1,0,1,1
 Bread   Diapers shoes  cookies chips  movies,1,0,0,1,1,0,1,1,0,1
 Bread  Coronas Diapers  clothes   toys ,1,0,1,1,0,1,0,0,1,0
 Bread Milk Coronas Diapers shoes    toys movies,1,1,1,1,1,0,0,0,1,1
  Milk  Diapers   cookies chips  movies,0,1,0,1,0,0,1,1,0,1
  Milk    clothes cookies  toys movies,0,1,0,0,0,1,1,0,1,1
 Bread Milk    clothes  chips toys ,1,1,0,0,0,1,0,1,1,0
 Bread Milk Coronas  shoes clothes cookies   ,1,1,1,0,1,1,1,0,0,0
   Coronas Diapers    chips toys movies,0,0,1,1,0,0,0,1,1,1
  Milk    clothes cookies   ,0,1,0,0,0,1,1,0,0,0
     shoes  cookies chips  ,0,0,0,0,1,0,1,1,0,0
   Coronas    cookies   movies,0,0,1,0,0,0,1,0,0,1
  Milk  Diapers shoes clothes   toys ,0,1,0,1,1,1,0,0,1,0
 Bread Milk Coronas  shoes    toys movies,1,1,1,0,1,0,0,0,1,1
   Coronas Diapers shoes clothes cookies   movies,0,0,1,1,1,1,1,0,0,1
   Coronas    cookies chips  movies,0,0,1,0,0,0,1,1,0,1
 Bread Milk  Diapers shoes clothes  chips toys movies,1,1,0,1,1,1,0,1,1,1
 Bread   Diapers   cookies   ,1,0,0,1,0,0,1,0,0,0
  Milk  Diapers  clothes cookies chips  ,0,1,0,1,0,1,1,1,0,0
   Coronas  shoes  cookies   movies,0,0,1,0,1,0,1,0,0,1
  Milk  Diapers shoes clothes cookies   movies,0,1,0,1,1,1,1,0,0,1
 Bread Milk  Diapers shoes     movies,1,1,0,1,1,0,0,0,0,1
 Bread   Diapers  clothes cookies chips toys movies,1,0,0,1,0,1,1,1,1,1
    Diapers shoes  cookies  toys movies,0,0,0,1,1,0,1,0,1,1
 Bread  Coronas Diapers shoes   chips toys ,1,0,1,1,1,0,0,1,1,0
 Bread  Coronas Diapers      ,1,0,1,1,0,0,0,0,0,0
 Bread Milk Coronas Diapers  clothes cookies chips toys ,1,1,1,1,0,1,1,1,1,0
 Bread    shoes  cookies chips  ,1,0,0,0,1,0,1,1,0,0
 Bread Milk        ,1,1,0,0,0,0,0,0,0,0
   Coronas Diapers  clothes cookies  toys movies,0,0,1,1,0,1,1,0,1,1
  Milk Coronas  shoes clothes cookies   ,0,1,1,0,1,1,1,0,0,0
 Bread   Diapers   cookies chips toys ,1,0,0,1,0,0,1,1,1,0
  Milk Coronas Diapers shoes clothes   toys movies,0,1,1,1,1,1,0,0,1,1
 Bread Milk Coronas  shoes     movies,1,1,1,0,1,0,0,0,0,1
 Bread  Coronas  shoes  cookies chips  movies,1,0,1,0,1,0,1,1,0,1
 Bread Milk Coronas    cookies  toys ,1,1,1,0,0,0,1,0,1,0
 Bread Milk Coronas   clothes cookies chips  movies,1,1,1,0,0,1,1,1,0,1
 Bread  Coronas  shoes clothes cookies  toys ,1,0,1,0,1,1,1,0,1,0
 Bread Milk Coronas Diapers shoes clothes  chips  ,1,1,1,1,1,1,0,1,0,0
  Milk Coronas   clothes cookies  toys movies,0,1,1,0,0,1,1,0,1,1
   Coronas Diapers   cookies   ,0,0,1,1,0,0,1,0,0,0
 Bread Milk Coronas Diapers    chips toys ,1,1,1,1,0,0,0,1,1,0
   Coronas Diapers  clothes cookies chips  movies,0,0,1,1,0,1,1,1,0,1
   Coronas    cookies   ,0,0,1,0,0,0,1,0,0,0
    Diapers shoes  cookies chips toys ,0,0,0,1,1,0,1,1,1,0
   Coronas Diapers shoes clothes cookies  toys ,0,0,1,1,1,1,1,0,1,0
    Diapers    chips toys movies,0,0,0,1,0,0,0,1,1,1
  Milk Coronas  shoes   chips  movies,0,1,1,0,1,0,0,1,0,1
 Bread        toys movies,1,0,0,0,0,0,0,0,1,1
   Coronas   clothes  chips  ,0,0,1,0,0,1,0,1,0,0
   Coronas   clothes  chips toys movies,0,0,1,0,0,1,0,1,1,1
 Bread Milk Coronas     chips  movies,1,1,1,0,0,0,0,1,0,1
    Diapers shoes clothes cookies chips  ,0,0,0,1,1,1,1,1,0,0
  Milk  Diapers    chips toys ,0,1,0,1,0,0,0,1,1,0
  Milk  Diapers     toys ,0,1,0,1,0,0,0,0,1,0
 Bread Milk  Diapers shoes clothes    movies,1,1,0,1,1,1,0,0,0,1
 Bread  Coronas  shoes clothes   toys ,1,0,1,0,1,1,0,0,1,0
 Bread  Coronas   clothes cookies  toys movies,1,0,1,0,0,1,1,0,1,1
 Bread  Coronas    cookies chips  ,1,0,1,0,0,0,1,1,0,0
 Bread  Coronas  shoes clothes cookies   ,1,0,1,0,1,1,1,0,0,0
 Bread    shoes clothes cookies chips  movies,1,0,0,0,1,1,1,1,0,1
 Bread Milk Coronas   clothes    movies,1,1,1,0,0,1,0,0,0,1
 Bread  Coronas   clothes   toys movies,1,0,1,0,0,1,0,0,1,1
   Coronas Diapers shoes   chips  ,0,0,1,1,1,0,0,1,0,0
   Coronas   clothes  chips toys movies,0,0,1,0,0,1,0,1,1,1
       cookies  toys ,0,0,0,0,0,0,1,0,1,0
  Milk Coronas Diapers shoes clothes cookies  toys movies,0,1,1,1,1,1,1,0,1,1
 Bread   Diapers   cookies  toys ,1,0,0,1,0,0,1,0,1,0
  Milk Coronas Diapers  clothes    ,0,1,1,1,0,1,0,0,0,0
  Milk Coronas Diapers shoes  cookies chips  movies,0,1,1,1,1,0,1,1,0,1
 Bread   Diapers shoes clothes cookies chips  movies,1,0,0,1,1,1,1,1,0,1
   Coronas  shoes  cookies  toys movies,0,0,1,0,1,0,1,0,1,1
  Milk Coronas  shoes clothes cookies   ,0,1,1,0,1,1,1,0,0,0
          movies,0,0,0,0,0,0,0,0,0,1
 Bread Milk   shoes clothes  chips toys ,1,1,0,0,1,1,0,1,1,0
     shoes clothes  chips  movies,0,0,0,0,1,1,0,1,0,1
 Bread  Coronas Diapers shoes clothes cookies  toys movies,1,0,1,1,1,1,1,0,1,1
   Coronas Diapers   cookies chips  ,0,0,1,1,0,0,1,1,0,0
 Bread   Diapers     toys ,1,0,0,1,0,0,0,0,1,0
   Coronas Diapers shoes  cookies  toys ,0,0,1,1,1,0,1,0,1,0
 Bread Milk  Diapers shoes clothes cookies   ,1,1,0,1,1,1,1,0,0,0
    Diapers shoes     ,0,0,0,1,1,0,0,0,0,0
  Milk     cookies chips  ,0,1,0,0,0,0,1,1,0,0
 Bread Milk Coronas  shoes     ,1,1,1,0,1,0,0,0,0,0
 Bread  Coronas  shoes clothes cookies  toys movies,1,0,1,0,1,1,1,0,1,1
  Milk Coronas    cookies chips toys ,0,1,1,0,0,0,1,1,1,0
  Milk  Diapers shoes  cookies chips  movies,0,1,0,1,1,0,1,1,0,1
   Coronas Diapers      ,0,0,1,1,0,0,0,0,0,0
     shoes   chips toys ,0,0,0,0,1,0,0,1,1,0
 Bread Milk Coronas  shoes clothes   toys ,1,1,1,0,1,1,0,0,1,0
 Bread  Coronas Diapers  clothes    ,1,0,1,1,0,1,0,0,0,0
 Bread Milk Coronas Diapers  clothes  chips  ,1,1,1,1,0,1,0,1,0,0
  Milk  Diapers     toys movies,0,1,0,1,0,0,0,0,1,1
 Bread     clothes   toys ,1,0,0,0,0,1,0,0,1,0
    Diapers     toys ,0,0,0,1,0,0,0,0,1,0
 Bread Milk   shoes  cookies chips  movies,1,1,0,0,1,0,1,1,0,1
 Bread Milk  Diapers     toys ,1,1,0,1,0,0,0,0,1,0
 Bread   Diapers  clothes    ,1,0,0,1,0,1,0,0,0,0
 Bread Milk   shoes clothes    movies,1,1,0,0,1,1,0,0,0,1
  Milk  Diapers     toys ,0,1,0,1,0,0,0,0,1,0
 Bread  Coronas Diapers  clothes cookies chips toys ,1,0,1,1,0,1,1,1,1,0
   Coronas Diapers shoes clothes   toys movies,0,0,1,1,1,1,0,0,1,1
 Bread Milk Coronas Diapers  clothes cookies chips toys movies,1,1,1,1,0,1,1,1,1,1
 Bread Milk  Diapers shoes     movies,1,1,0,1,1,0,0,0,0,1
 Bread   Diapers  clothes    movies,1,0,0,1,0,1,0,0,0,1
 Bread Milk  Diapers     toys movies,1,1,0,1,0,0,0,0,1,1
 Bread   Diapers shoes   chips toys ,1,0,0,1,1,0,0,1,1,0
 Bread      cookies   movies,1,0,0,0,0,0,1,0,0,1
 Bread     clothes cookies chips toys ,1,0,0,0,0,1,1,1,1,0
   Coronas    cookies chips  ,0,0,1,0,0,0,1,1,0,0
 Bread Milk  Diapers shoes    toys ,1,1,0,1,1,0,0,0,1,0
  Milk  Diapers      ,0,1,0,1,0,0,0,0,0,0
  Milk  Diapers shoes clothes cookies chips toys movies,0,1,0,1,1,1,1,1,1,1
   Coronas       ,0,0,1,0,0,0,0,0,0,0
 Bread Milk   shoes clothes cookies   ,1,1,0,0,1,1,1,0,0,0
    Diapers  clothes  chips toys ,0,0,0,1,0,1,0,1,1,0
 Bread  Coronas   clothes   toys movies,1,0,1,0,0,1,0,0,1,1
      clothes  chips  movies,0,0,0,0,0,1,0,1,0,1
 Bread Milk   shoes    toys ,1,1,0,0,1,0,0,0,1,0
 Bread   Diapers shoes  cookies chips  ,1,0,0,1,1,0,1,1,0,0
 Bread Milk Coronas  shoes clothes  chips toys movies,1,1,1,0,1,1,0,1,1,1
   Coronas Diapers shoes   chips  ,0,0,1,1,1,0,0,1,0,0
 Bread Milk Coronas    cookies chips  ,1,1,1,0,0,0,1,1,0,0
 Bread Milk       toys ,1,1,0,0,0,0,0,0,1,0
 Bread Milk  Diapers   cookies chips toys movies,1,1,0,1,0,0,1,1,1,1
 Bread Milk Coronas  shoes     ,1,1,1,0,1,0,0,0,0,0
  Milk        movies,0,1,0,0,0,0,0,0,0,1
 Bread  Coronas    cookies  toys movies,1,0,1,0,0,0,1,0,1,1
    Diapers     toys ,0,0,0,1,0,0,0,0,1,0
 Bread    shoes clothes  chips  movies,1,0,0,0,1,1,0,1,0,1
 Bread   Diapers      movies,1,0,0,1,0,0,0,0,0,1
 Bread     clothes    ,1,0,0,0,0,1,0,0,0,0
 Bread Milk  Diapers shoes clothes cookies chips  movies,1,1,0,1,1,1,1,1,0,1
    Diapers  clothes  chips  ,0,0,0,1,0,1,0,1,0,0
 Bread  Coronas  shoes  cookies chips toys ,1,0,1,0,1,0,1,1,1,0
  Milk  Diapers shoes  cookies chips toys movies,0,1,0,1,1,0,1,1,1,1
   Coronas Diapers shoes clothes cookies chips toys movies,0,0,1,1,1,1,1,1,1,1
 Bread Milk Coronas Diapers shoes     movies,1,1,1,1,1,0,0,0,0,1
  Milk   shoes clothes cookies   ,0,1,0,0,1,1,1,0,0,0
 Bread      cookies  toys movies,1,0,0,0,0,0,1,0,1,1
  Milk  Diapers shoes    toys ,0,1,0,1,1,0,0,0,1,0
 Bread Milk        movies,1,1,0,0,0,0,0,0,0,1
 Bread   Diapers  clothes  chips  ,1,0,0,1,0,1,0,1,0,0
  Milk   shoes clothes   toys ,0,1,0,0,1,1,0,0,1,0
 Bread  Coronas Diapers    chips  ,1,0,1,1,0,0,0,1,0,0
   Coronas  shoes     ,0,0,1,0,1,0,0,0,0,0
  Milk     cookies  toys movies,0,1,0,0,0,0,1,0,1,1
   Coronas Diapers     toys ,0,0,1,1,0,0,0,0,1,0
  Milk Coronas  shoes clothes  chips toys movies,0,1,1,0,1,1,0,1,1,1
 Bread Milk  Diapers      movies,1,1,0,1,0,0,0,0,0,1
   Coronas   clothes   toys movies,0,0,1,0,0,1,0,0,1,1
  Milk Coronas Diapers   cookies chips  movies,0,1,1,1,0,0,1,1,0,1
    Diapers shoes clothes   toys ,0,0,0,1,1,1,0,0,1,0
   Coronas  shoes  cookies   ,0,0,1,0,1,0,1,0,0,0
 Bread  Coronas   clothes    ,1,0,1,0,0,1,0,0,0,0
 Bread   Diapers shoes clothes  chips  movies,1,0,0,1,1,1,0,1,0,1
  Milk Coronas Diapers shoes clothes cookies chips toys movies,0,1,1,1,1,1,1,1,1,1
     shoes  cookies   movies,0,0,0,0,1,0,1,0,0,1
 Bread Milk Coronas Diapers    chips  ,1,1,1,1,0,0,0,1,0,0
  Milk Coronas Diapers shoes clothes cookies chips  movies,0,1,1,1,1,1,1,1,0,1
 Bread Milk Coronas  shoes clothes  chips toys ,1,1,1,0,1,1,0,1,1,0
 Bread  Coronas  shoes clothes cookies   ,1,0,1,0,1,1,1,0,0,0
  Milk Coronas   clothes cookies chips toys movies,0,1,1,0,0,1,1,1,1,1
  Milk  Diapers shoes clothes cookies chips toys movies,0,1,0,1,1,1,1,1,1,1
   Coronas Diapers shoes   chips toys ,0,0,1,1,1,0,0,1,1,0
  Milk  Diapers  clothes cookies chips toys ,0,1,0,1,0,1,1,1,1,0
   Coronas Diapers shoes  cookies chips  movies,0,0,1,1,1,0,1,1,0,1
   Coronas     chips  ,0,0,1,0,0,0,0,1,0,0
  Milk  Diapers  clothes cookies chips  movies,0,1,0,1,0,1,1,1,0,1
 Bread  Coronas Diapers shoes clothes    movies,1,0,1,1,1,1,0,0,0,1
 Bread Milk    clothes cookies chips  ,1,1,0,0,0,1,1,1,0,0
   Coronas Diapers shoes   chips  movies,0,0,1,1,1,0,0,1,0,1
  Milk  Diapers shoes clothes   toys movies,0,1,0,1,1,1,0,0,1,1
   Coronas Diapers shoes  cookies   movies,0,0,1,1,1,0,1,0,0,1
 Bread Milk  Diapers  clothes cookies chips toys ,1,1,0,1,0,1,1,1,1,0
   Coronas   clothes    ,0,0,1,0,0,1,0,0,0,0
  Milk     cookies   ,0,1,0,0,0,0,1,0,0,0
 Bread Milk    clothes   toys movies,1,1,0,0,0,1,0,0,1,1
   Coronas Diapers   cookies   ,0,0,1,1,0,0,1,0,0,0
  Milk Coronas Diapers  clothes   toys movies,0,1,1,1,0,1,0,0,1,1
  Milk   shoes clothes cookies   ,0,1,0,0,1,1,1,0,0,0
 Bread Milk Coronas Diapers shoes   chips  movies,1,1,1,1,1,0,0,1,0,1
 Bread Milk Coronas  shoes  cookies chips toys ,1,1,1,0,1,0,1,1,1,0
      clothes  chips toys movies,0,0,0,0,0,1,0,1,1,1
 Bread  Coronas Diapers shoes clothes   toys movies,1,0,1,1,1,1,0,0,1,1
  Milk Coronas Diapers     toys movies,0,1,1,1,0,0,0,0,1,1
 Bread   Diapers  clothes cookies chips toys movies,1,0,0,1,0,1,1,1,1,1
  Milk  Diapers shoes   chips toys ,0,1,0,1,1,0,0,1,1,0
 Bread  Coronas  shoes   chips toys ,1,0,1,0,1,0,0,1,1,0
  Milk Coronas Diapers shoes  cookies chips toys movies,0,1,1,1,1,0,1,1,1,1
 Bread    shoes clothes  chips toys ,1,0,0,0,1,1,0,1,1,0
 Bread  Coronas Diapers shoes clothes cookies chips  ,1,0,1,1,1,1,1,1,0,0
  Milk Coronas     chips  ,0,1,1,0,0,0,0,1,0,0
 Bread   Diapers   cookies   movies,1,0,0,1,0,0,1,0,0,1
   Coronas Diapers   cookies chips toys movies,0,0,1,1,0,0,1,1,1,1
 Bread Milk   shoes    toys movies,1,1,0,0,1,0,0,0,1,1
  Milk Coronas Diapers   cookies  toys ,0,1,1,1,0,0,1,0,1,0
    Diapers  clothes    ,0,0,0,1,0,1,0,0,0,0
  Milk Coronas Diapers shoes    toys ,0,1,1,1,1,0,0,0,1,0
 Bread Milk Coronas Diapers      ,1,1,1,1,0,0,0,0,0,0
   Coronas  shoes clothes    movies,0,0,1,0,1,1,0,0,0,1
  Milk   shoes   chips  ,0,1,0,0,1,0,0,1,0,0
 Bread  Coronas      toys movies,1,0,1,0,0,0,0,0,1,1
 Bread  Coronas    cookies  toys movies,1,0,1,0,0,0,1,0,1,1
  Milk   shoes clothes cookies chips  ,0,1,0,0,1,1,1,1,0,0
 Bread Milk        ,1,1,0,0,0,0,0,0,0,0
 Bread Milk Coronas  shoes clothes cookies chips  movies,1,1,1,0,1,1,1,1,0,1
 Bread Milk Coronas Diapers shoes    toys movies,1,1,1,1,1,0,0,0,1,1
 Bread  Coronas Diapers shoes  cookies chips toys ,1,0,1,1,1,0,1,1,1,0
   Coronas   clothes cookies  toys ,0,0,1,0,0,1,1,0,1,0
  Milk Coronas Diapers shoes  cookies  toys ,0,1,1,1,1,0,1,0,1,0
 Bread  Coronas  shoes clothes cookies chips  ,1,0,1,0,1,1,1,1,0,0
 Bread  Coronas Diapers shoes  cookies   ,1,0,1,1,1,0,1,0,0,0
 Bread Milk  Diapers    chips  ,1,1,0,1,0,0,0,1,0,0
  Milk  Diapers shoes clothes  chips  movies,0,1,0,1,1,1,0,1,0,1
 Bread Milk  Diapers shoes    toys ,1,1,0,1,1,0,0,0,1,0
 Bread   Diapers shoes    toys ,1,0,0,1,1,0,0,0,1,0
  Milk Coronas Diapers   cookies  toys movies,0,1,1,1,0,0,1,0,1,1
 Bread   Diapers shoes   chips toys ,1,0,0,1,1,0,0,1,1,0
   Coronas     chips  movies,0,0,1,0,0,0,0,1,0,1
 Bread  Coronas   clothes   toys ,1,0,1,0,0,1,0,0,1,0
 Bread  Coronas  shoes  cookies   ,1,0,1,0,1,0,1,0,0,0
       cookies  toys movies,0,0,0,0,0,0,1,0,1,1
 Bread   Diapers  clothes cookies chips toys ,1,0,0,1,0,1,1,1,1,0
    Diapers shoes  cookies chips toys ,0,0,0,1,1,0,1,1,1,0
 Bread Milk Coronas  shoes clothes cookies chips  ,1,1,1,0,1,1,1,1,0,0
 Bread Milk Coronas Diapers   cookies chips  movies,1,1,1,1,0,0,1,1,0,1
      clothes  chips toys ,0,0,0,0,0,1,0,1,1,0
   Coronas Diapers      ,0,0,1,1,0,0,0,0,0,0
 Bread Milk Coronas  shoes  cookies   ,1,1,1,0,1,0,1,0,0,0
   Coronas  shoes     ,0,0,1,0,1,0,0,0,0,0
  Milk  Diapers  clothes  chips toys ,0,1,0,1,0,1,0,1,1,0
 Bread Milk  Diapers  clothes cookies   movies,1,1,0,1,0,1,1,0,0,1
 Bread   Diapers shoes clothes    movies,1,0,0,1,1,1,0,0,0,1
 Bread  Coronas Diapers   cookies   ,1,0,1,1,0,0,1,0,0,0
  Milk   shoes  cookies chips  movies,0,1,0,0,1,0,1,1,0,1
 Bread Milk Coronas       movies,1,1,1,0,0,0,0,0,0,1
 Bread Milk Coronas  shoes  cookies   ,1,1,1,0,1,0,1,0,0,0
  Milk   shoes clothes cookies   movies,0,1,0,0,1,1,1,0,0,1
   Coronas  shoes clothes  chips toys movies,0,0,1,0,1,1,0,1,1,1
   Coronas Diapers  clothes cookies chips  ,0,0,1,1,0,1,1,1,0,0
 Bread     clothes cookies  toys movies,1,0,0,0,0,1,1,0,1,1
  Milk Coronas       ,0,1,1,0,0,0,0,0,0,0
  Milk Coronas   clothes cookies   movies,0,1,1,0,0,1,1,0,0,1
 Bread Milk Coronas  shoes clothes cookies chips  movies,1,1,1,0,1,1,1,1,0,1
  Milk  Diapers     toys ,0,1,0,1,0,0,0,0,1,0
  Milk Coronas Diapers  clothes  chips toys movies,0,1,1,1,0,1,0,1,1,1
 Bread Milk Coronas Diapers   cookies chips  ,1,1,1,1,0,0,1,1,0,0
 Bread  Coronas Diapers shoes clothes cookies chips  ,1,0,1,1,1,1,1,1,0,0
 Bread Milk   shoes clothes   toys ,1,1,0,0,1,1,0,0,1,0
 Bread Milk Coronas  shoes clothes   toys ,1,1,1,0,1,1,0,0,1,0
 Bread Milk  Diapers shoes  cookies  toys ,1,1,0,1,1,0,1,0,1,0
 Bread Milk  Diapers shoes     ,1,1,0,1,1,0,0,0,0,0
 Bread Milk  Diapers shoes clothes cookies chips  movies,1,1,0,1,1,1,1,1,0,1
  Milk Coronas Diapers   cookies chips  ,0,1,1,1,0,0,1,1,0,0
  Milk  Diapers shoes clothes cookies chips toys ,0,1,0,1,1,1,1,1,1,0
  Milk Coronas Diapers shoes clothes  chips  ,0,1,1,1,1,1,0,1,0,0
 Bread  Coronas Diapers shoes  cookies chips  ,1,0,1,1,1,0,1,1,0,0
        chips  ,0,0,0,0,0,0,0,1,0,0
 Bread   Diapers shoes    toys movies,1,0,0,1,1,0,0,0,1,1
 Bread Milk Coronas   clothes cookies chips  movies,1,1,1,0,0,1,1,1,0,1
 Bread Milk  Diapers shoes clothes   toys movies,1,1,0,1,1,1,0,0,1,1
 Bread   Diapers   cookies   ,1,0,0,1,0,0,1,0,0,0
   Coronas Diapers shoes clothes  chips toys ,0,0,1,1,1,1,0,1,1,0
    Diapers shoes   chips  movies,0,0,0,1,1,0,0,1,0,1
 Bread Milk   shoes clothes cookies chips  ,1,1,0,0,1,1,1,1,0,0
 Bread    shoes clothes   toys ,1,0,0,0,1,1,0,0,1,0
  Milk  Diapers shoes clothes cookies chips toys ,0,1,0,1,1,1,1,1,1,0
 Bread Milk Coronas  shoes clothes cookies  toys movies,1,1,1,0,1,1,1,0,1,1
 Bread Milk Coronas Diapers shoes clothes cookies chips toys movies,1,1,1,1,1,1,1,1,1,1
 Bread      cookies chips toys movies,1,0,0,0,0,0,1,1,1,1
 Bread  Coronas   clothes   toys movies,1,0,1,0,0,1,0,0,1,1
  Milk     cookies   ,0,1,0,0,0,0,1,0,0,0
  Milk  Diapers shoes   chips  ,0,1,0,1,1,0,0,1,0,0
 Bread Milk     cookies  toys ,1,1,0,0,0,0,1,0,1,0
 Bread  Coronas Diapers shoes   chips  movies,1,0,1,1,1,0,0,1,0,1
   Coronas Diapers shoes clothes    ,0,0,1,1,1,1,0,0,0,0
          movies,0,0,0,0,0,0,0,0,0,1
  Milk  Diapers shoes   chips toys movies,0,1,0,1,1,0,0,1,1,1
 Bread Milk   shoes     ,1,1,0,0,1,0,0,0,0,0
  Milk    clothes cookies chips toys ,0,1,0,0,0,1,1,1,1,0
 Bread  Coronas   clothes cookies chips toys movies,1,0,1,0,0,1,1,1,1,1
 Bread  Coronas  shoes clothes cookies  toys ,1,0,1,0,1,1,1,0,1,0
   Coronas   clothes  chips toys ,0,0,1,0,0,1,0,1,1,0
    Diapers shoes  cookies   movies,0,0,0,1,1,0,1,0,0,1
 Bread   Diapers shoes clothes   toys movies,1,0,0,1,1,1,0,0,1,1
 Bread  Coronas  shoes  cookies chips toys ,1,0,1,0,1,0,1,1,1,0
  Milk Coronas   clothes cookies chips toys movies,0,1,1,0,0,1,1,1,1,1
 Bread Milk  Diapers     toys movies,1,1,0,1,0,0,0,0,1,1
    Diapers shoes clothes cookies  toys movies,0,0,0,1,1,1,1,0,1,1
  Milk Coronas   clothes  chips toys movies,0,1,1,0,0,1,0,1,1,1
  Milk Coronas Diapers shoes clothes  chips  ,0,1,1,1,1,1,0,1,0,0
     shoes  cookies chips toys ,0,0,0,0,1,0,1,1,1,0
    Diapers  clothes cookies   ,0,0,0,1,0,1,1,0,0,0
 Bread Milk Coronas Diapers shoes  cookies  toys ,1,1,1,1,1,0,1,0,1,0
 Bread  Coronas Diapers shoes  cookies  toys movies,1,0,1,1,1,0,1,0,1,1
   Coronas Diapers shoes  cookies chips  movies,0,0,1,1,1,0,1,1,0,1
   Coronas   clothes    movies,0,0,1,0,0,1,0,0,0,1
  Milk Coronas Diapers shoes clothes  chips toys ,0,1,1,1,1,1,0,1,1,0
 Bread Milk   shoes clothes cookies chips toys ,1,1,0,0,1,1,1,1,1,0
 Bread Milk Coronas    cookies chips  ,1,1,1,0,0,0,1,1,0,0
 Bread    shoes  cookies chips  ,1,0,0,0,1,0,1,1,0,0
 Bread Milk   shoes clothes cookies chips toys ,1,1,0,0,1,1,1,1,1,0
   Coronas Diapers shoes clothes cookies chips toys ,0,0,1,1,1,1,1,1,1,0
  Milk Coronas  shoes clothes cookies chips  ,0,1,1,0,1,1,1,1,0,0
      clothes    ,0,0,0,0,0,1,0,0,0,0
     shoes clothes   toys movies,0,0,0,0,1,1,0,0,1,1
 Bread   Diapers shoes   chips toys movies,1,0,0,1,1,0,0,1,1,1
  Milk  Diapers      movies,0,1,0,1,0,0,0,0,0,1
   Coronas    cookies   ,0,0,1,0,0,0,1,0,0,0
 Bread Milk   shoes clothes  chips toys movies,1,1,0,0,1,1,0,1,1,1
  Milk Coronas Diapers shoes clothes cookies chips toys movies,0,1,1,1,1,1,1,1,1,1
 Bread Milk    clothes  chips  movies,1,1,0,0,0,1,0,1,0,1
  Milk Coronas Diapers shoes clothes cookies  toys ,0,1,1,1,1,1,1,0,1,0
 Bread Milk Coronas   clothes  chips toys movies,1,1,1,0,0,1,0,1,1,1
 Bread Milk    clothes    ,1,1,0,0,0,1,0,0,0,0
  Milk Coronas Diapers  clothes cookies chips  ,0,1,1,1,0,1,1,1,0,0
    Diapers shoes     movies,0,0,0,1,1,0,0,0,0,1
 Bread   Diapers      movies,1,0,0,1,0,0,0,0,0,1
   Coronas Diapers shoes clothes cookies chips  movies,0,0,1,1,1,1,1,1,0,1
 Bread  Coronas Diapers    chips  ,1,0,1,1,0,0,0,1,0,0
   Coronas    cookies chips toys ,0,0,1,0,0,0,1,1,1,0
 Bread    shoes clothes   toys ,1,0,0,0,1,1,0,0,1,0
       cookies chips toys ,0,0,0,0,0,0,1,1,1,0
 Bread Milk Coronas Diapers shoes  cookies chips  ,1,1,1,1,1,0,1,1,0,0
  Milk   shoes    toys ,0,1,0,0,1,0,0,0,1,0
   Coronas Diapers shoes clothes    ,0,0,1,1,1,1,0,0,0,0
    Diapers   cookies  toys ,0,0,0,1,0,0,1,0,1,0
   Coronas  shoes clothes cookies chips toys movies,0,0,1,0,1,1,1,1,1,1
 Bread Milk   shoes clothes  chips  movies,1,1,0,0,1,1,0,1,0,1
  Milk   shoes clothes  chips toys ,0,1,0,0,1,1,0,1,1,0
     shoes clothes   toys ,0,0,0,0,1,1,0,0,1,0
      clothes  chips toys ,0,0,0,0,0,1,0,1,1,0
  Milk Coronas Diapers  clothes  chips toys movies,0,1,1,1,0,1,0,1,1,1
  Milk Coronas  shoes clothes  chips  movies,0,1,1,0,1,1,0,1,0,1
  Milk Coronas Diapers shoes clothes  chips  movies,0,1,1,1,1,1,0,1,0,1
    Diapers shoes clothes  chips  movies,0,0,0,1,1,1,0,1,0,1
 Bread  Coronas       movies,1,0,1,0,0,0,0,0,0,1
 Bread Milk Coronas Diapers    chips  ,1,1,1,1,0,0,0,1,0,0
   Coronas   clothes    movies,0,0,1,0,0,1,0,0,0,1
 Bread    shoes  cookies  toys ,1,0,0,0,1,0,1,0,1,0
 Bread     clothes  chips toys ,1,0,0,0,0,1,0,1,1,0
  Milk Coronas  shoes  cookies chips toys ,0,1,1,0,1,0,1,1,1,0
   Coronas Diapers   cookies chips toys ,0,0,1,1,0,0,1,1,1,0
  Milk Coronas  shoes clothes  chips  movies,0,1,1,0,1,1,0,1,0,1
 Bread  Coronas Diapers    chips  movies,1,0,1,1,0,0,0,1,0,1
 Bread    shoes  cookies  toys movies,1,0,0,0,1,0,1,0,1,1
  Milk  Diapers   cookies   movies,0,1,0,1,0,0,1,0,0,1
 Bread Milk Coronas Diapers shoes   chips toys movies,1,1,1,1,1,0,0,1,1,1
 Bread  Coronas  shoes clothes  chips  ,1,0,1,0,1,1,0,1,0,0
  Milk Coronas   clothes cookies chips toys ,0,1,1,0,0,1,1,1,1,0
 Bread Milk Coronas  shoes clothes    movies,1,1,1,0,1,1,0,0,0,1
  Milk    clothes cookies  toys ,0,1,0,0,0,1,1,0,1,0
  Milk Coronas Diapers shoes     movies,0,1,1,1,1,0,0,0,0,1
  Milk  Diapers shoes clothes cookies chips toys ,0,1,0,1,1,1,1,1,1,0
     shoes   chips toys movies,0,0,0,0,1,0,0,1,1,1
  Milk   shoes   chips  movies,0,1,0,0,1,0,0,1,0,1
   Coronas  shoes clothes cookies chips toys movies,0,0,1,0,1,1,1,1,1,1
  Milk  Diapers shoes  cookies chips  ,0,1,0,1,1,0,1,1,0,0
 Bread Milk Coronas Diapers shoes     ,1,1,1,1,1,0,0,0,0,0
 Bread   Diapers shoes  cookies   movies,1,0,0,1,1,0,1,0,0,1
 Bread Milk  Diapers  clothes    movies,1,1,0,1,0,1,0,0,0,1
 Bread       chips toys ,1,0,0,0,0,0,0,1,1,0
 Bread  Coronas Diapers   cookies   ,1,0,1,1,0,0,1,0,0,0
  Milk Coronas Diapers shoes clothes  chips toys movies,0,1,1,1,1,1,0,1,1,1
  Milk  Diapers      movies,0,1,0,1,0,0,0,0,0,1
  Milk  Diapers shoes    toys ,0,1,0,1,1,0,0,0,1,0
  Milk Coronas Diapers  clothes cookies chips toys ,0,1,1,1,0,1,1,1,1,0
 Bread     clothes cookies chips  ,1,0,0,0,0,1,1,1,0,0
  Milk Coronas  shoes clothes  chips  movies,0,1,1,0,1,1,0,1,0,1
 Bread Milk  Diapers   cookies  toys ,1,1,0,1,0,0,1,0,1,0
   Coronas  shoes clothes   toys movies,0,0,1,0,1,1,0,0,1,1
 Bread Milk Coronas     chips  movies,1,1,1,0,0,0,0,1,0,1
 Bread Milk    clothes  chips toys ,1,1,0,0,0,1,0,1,1,0
 Bread  Coronas Diapers  clothes cookies chips toys ,1,0,1,1,0,1,1,1,1,0
 Bread   Diapers  clothes  chips toys ,1,0,0,1,0,1,0,1,1,0
   Coronas     chips  movies,0,0,1,0,0,0,0,1,0,1
 Bread Milk Coronas  shoes clothes    ,1,1,1,0,1,1,0,0,0,0
 Bread Milk   shoes clothes  chips  ,1,1,0,0,1,1,0,1,0,0
   Coronas     chips toys movies,0,0,1,0,0,0,0,1,1,1
   Coronas Diapers  clothes cookies chips toys ,0,0,1,1,0,1,1,1,1,0
   Coronas Diapers      movies,0,0,1,1,0,0,0,0,0,1
 Bread  Coronas Diapers shoes clothes   toys movies,1,0,1,1,1,1,0,0,1,1
    Diapers  clothes cookies chips  ,0,0,0,1,0,1,1,1,0,0
   Coronas  shoes  cookies chips  ,0,0,1,0,1,0,1,1,0,0
   Coronas Diapers shoes   chips toys ,0,0,1,1,1,0,0,1,1,0
 Bread Milk  Diapers  clothes cookies  toys ,1,1,0,1,0,1,1,0,1,0
    Diapers shoes clothes    ,0,0,0,1,1,1,0,0,0,0
  Milk Coronas  shoes clothes cookies  toys ,0,1,1,0,1,1,1,0,1,0
   Coronas    cookies   movies,0,0,1,0,0,0,1,0,0,1
  Milk  Diapers shoes clothes cookies  toys movies,0,1,0,1,1,1,1,0,1,1
 Bread Milk  Diapers shoes clothes cookies  toys ,1,1,0,1,1,1,1,0,1,0
 Bread   Diapers shoes clothes cookies   movies,1,0,0,1,1,1,1,0,0,1
 Bread Milk Coronas  shoes  cookies  toys ,1,1,1,0,1,0,1,0,1,0
  Milk  Diapers shoes clothes  chips  movies,0,1,0,1,1,1,0,1,0,1
 Bread  Coronas Diapers shoes clothes cookies chips  ,1,0,1,1,1,1,1,1,0,0
 Bread   Diapers shoes   chips  ,1,0,0,1,1,0,0,1,0,0
  Milk  Diapers   cookies chips  movies,0,1,0,1,0,0,1,1,0,1
   Coronas Diapers  clothes cookies chips toys ,0,0,1,1,0,1,1,1,1,0
 Bread    shoes clothes  chips  movies,1,0,0,0,1,1,0,1,0,1
 Bread   Diapers  clothes   toys movies,1,0,0,1,0,1,0,0,1,1
 Bread  Coronas Diapers  clothes cookies chips  ,1,0,1,1,0,1,1,1,0,0
 Bread  Coronas Diapers shoes clothes    movies,1,0,1,1,1,1,0,0,0,1
        chips  movies,0,0,0,0,0,0,0,1,0,1
 Bread Milk  Diapers shoes    toys ,1,1,0,1,1,0,0,0,1,0
   Coronas Diapers   cookies   ,0,0,1,1,0,0,1,0,0,0
 Bread   Diapers     toys ,1,0,0,1,0,0,0,0,1,0
 Bread Milk Coronas  shoes clothes cookies  toys ,1,1,1,0,1,1,1,0,1,0
     shoes  cookies chips toys ,0,0,0,0,1,0,1,1,1,0
   Coronas Diapers shoes  cookies chips  movies,0,0,1,1,1,0,1,1,0,1
 Bread Milk Coronas   clothes cookies chips toys ,1,1,1,0,0,1,1,1,1,0
 Bread Milk Coronas  shoes  cookies chips toys ,1,1,1,0,1,0,1,1,1,0
  Milk Coronas Diapers shoes clothes cookies chips toys ,0,1,1,1,1,1,1,1,1,0
  Milk  Diapers   cookies   movies,0,1,0,1,0,0,1,0,0,1
  Milk   shoes clothes cookies chips toys movies,0,1,0,0,1,1,1,1,1,1
 Bread Milk    clothes cookies   ,1,1,0,0,0,1,1,0,0,0
 Bread  Coronas   clothes    movies,1,0,1,0,0,1,0,0,0,1
 Bread  Coronas  shoes clothes cookies   ,1,0,1,0,1,1,1,0,0,0
  Milk   shoes    toys ,0,1,0,0,1,0,0,0,1,0
 Bread    shoes clothes  chips  movies,1,0,0,0,1,1,0,1,0,1
    Diapers  clothes cookies   ,0,0,0,1,0,1,1,0,0,0
 Bread   Diapers  clothes   toys movies,1,0,0,1,0,1,0,0,1,1
 Bread Milk        movies,1,1,0,0,0,0,0,0,0,1
 Bread    shoes clothes    ,1,0,0,0,1,1,0,0,0,0
  Milk Coronas Diapers shoes clothes cookies chips toys ,0,1,1,1,1,1,1,1,1,0
    Diapers  clothes cookies chips  ,0,0,0,1,0,1,1,1,0,0
 Bread Milk      chips toys ,1,1,0,0,0,0,0,1,1,0
   Coronas Diapers shoes  cookies chips toys movies,0,0,1,1,1,0,1,1,1,1
   Coronas   clothes  chips toys ,0,0,1,0,0,1,0,1,1,0
  Milk   shoes clothes  chips toys movies,0,1,0,0,1,1,0,1,1,1
  Milk  Diapers shoes clothes  chips  ,0,1,0,1,1,1,0,1,0,0
 Bread Milk Coronas Diapers  clothes    ,1,1,1,1,0,1,0,0,0,0
    Diapers    chips toys movies,0,0,0,1,0,0,0,1,1,1
 Bread Milk  Diapers shoes clothes cookies  toys ,1,1,0,1,1,1,1,0,1,0
  Milk  Diapers shoes  cookies  toys movies,0,1,0,1,1,0,1,0,1,1
 Bread       chips toys ,1,0,0,0,0,0,0,1,1,0
    Diapers shoes    toys ,0,0,0,1,1,0,0,0,1,0
   Coronas       ,0,0,1,0,0,0,0,0,0,0
 Bread Milk    clothes cookies  toys ,1,1,0,0,0,1,1,0,1,0
 Bread Milk Coronas  shoes     movies,1,1,1,0,1,0,0,0,0,1
 Bread  Coronas  shoes  cookies  toys ,1,0,1,0,1,0,1,0,1,0
  Milk Coronas  shoes clothes cookies chips  movies,0,1,1,0,1,1,1,1,0,1
         toys ,0,0,0,0,0,0,0,0,1,0
 Bread Milk        ,1,1,0,0,0,0,0,0,0,0
 Bread Milk Coronas  shoes   chips toys ,1,1,1,0,1,0,0,1,1,0
  Milk      chips  movies,0,1,0,0,0,0,0,1,0,1
 Bread Milk Coronas Diapers  clothes cookies chips toys ,1,1,1,1,0,1,1,1,1,0
 Bread   Diapers shoes     movies,1,0,0,1,1,0,0,0,0,1
 Bread Milk Coronas Diapers  clothes   toys movies,1,1,1,1,0,1,0,0,1,1
    Diapers shoes clothes cookies  toys ,0,0,0,1,1,1,1,0,1,0
 Bread   Diapers  clothes cookies   movies,1,0,0,1,0,1,1,0,0,1
   Coronas Diapers shoes clothes   toys movies,0,0,1,1,1,1,0,0,1,1
 Bread  Coronas Diapers   cookies chips  movies,1,0,1,1,0,0,1,1,0,1
 Bread  Coronas Diapers shoes  cookies chips  movies,1,0,1,1,1,0,1,1,0,1
   Coronas Diapers shoes    toys ,0,0,1,1,1,0,0,0,1,0
  Milk  Diapers      ,0,1,0,1,0,0,0,0,0,0
  Milk  Diapers   cookies chips toys ,0,1,0,1,0,0,1,1,1,0
 Bread Milk Coronas  shoes clothes cookies chips toys movies,1,1,1,0,1,1,1,1,1,1
  Milk  Diapers shoes    toys movies,0,1,0,1,1,0,0,0,1,1
  Milk Coronas   clothes cookies chips  ,0,1,1,0,0,1,1,1,0,0
  Milk Coronas Diapers    chips  movies,0,1,1,1,0,0,0,1,0,1
 Bread Milk Coronas  shoes    toys ,1,1,1,0,1,0,0,0,1,0
 Bread  Coronas  shoes  cookies  toys ,1,0,1,0,1,0,1,0,1,0
 Bread Milk Coronas  shoes clothes    movies,1,1,1,0,1,1,0,0,0,1
  Milk Coronas  shoes  cookies  toys ,0,1,1,0,1,0,1,0,1,0
    Diapers  clothes   toys ,0,0,0,1,0,1,0,0,1,0
 Bread Milk  Diapers shoes clothes  chips toys movies,1,1,0,1,1,1,0,1,1,1
  Milk   shoes clothes  chips toys movies,0,1,0,0,1,1,0,1,1,1
 Bread  Coronas Diapers  clothes    ,1,0,1,1,0,1,0,0,0,0
 Bread  Coronas Diapers shoes clothes cookies chips  ,1,0,1,1,1,1,1,1,0,0
 Bread      cookies chips toys ,1,0,0,0,0,0,1,1,1,0
  Milk Coronas   clothes    movies,0,1,1,0,0,1,0,0,0,1
  Milk      chips  movies,0,1,0,0,0,0,0,1,0,1
   Coronas Diapers shoes  cookies   ,0,0,1,1,1,0,1,0,0,0
  Milk Coronas Diapers shoes clothes   toys ,0,1,1,1,1,1,0,0,1,0
 Bread  Coronas Diapers shoes clothes   toys ,1,0,1,1,1,1,0,0,1,0
 Bread Milk Coronas     chips  movies,1,1,1,0,0,0,0,1,0,1
   Coronas Diapers shoes  cookies chips toys ,0,0,1,1,1,0,1,1,1,0
 Bread Milk Coronas Diapers shoes clothes    ,1,1,1,1,1,1,0,0,0,0
   Coronas  shoes clothes cookies  toys ,0,0,1,0,1,1,1,0,1,0
 Bread Milk Coronas  shoes clothes cookies chips toys ,1,1,1,0,1,1,1,1,1,0
  Milk Coronas  shoes   chips  movies,0,1,1,0,1,0,0,1,0,1
  Milk Coronas  shoes clothes  chips  ,0,1,1,0,1,1,0,1,0,0
 Bread Milk  Diapers shoes clothes cookies  toys ,1,1,0,1,1,1,1,0,1,0
 Bread Milk  Diapers  clothes cookies chips  ,1,1,0,1,0,1,1,1,0,0
 Bread  Coronas  shoes clothes cookies chips  ,1,0,1,0,1,1,1,1,0,0
     shoes clothes   toys ,0,0,0,0,1,1,0,0,1,0
 Bread      cookies chips toys movies,1,0,0,0,0,0,1,1,1,1
 Bread  Coronas Diapers    chips  movies,1,0,1,1,0,0,0,1,0,1
   Coronas  shoes  cookies chips  ,0,0,1,0,1,0,1,1,0,0
 Bread Milk Coronas Diapers shoes     ,1,1,1,1,1,0,0,0,0,0
    Diapers  clothes  chips  ,0,0,0,1,0,1,0,1,0,0
    Diapers shoes clothes    movies,0,0,0,1,1,1,0,0,0,1
  Milk Coronas       movies,0,1,1,0,0,0,0,0,0,1
 Bread   Diapers shoes    toys movies,1,0,0,1,1,0,0,0,1,1
 Bread Milk  Diapers  clothes  chips  ,1,1,0,1,0,1,0,1,0,0
 Bread  Coronas Diapers  clothes    ,1,0,1,1,0,1,0,0,0,0
  Milk Coronas  shoes  cookies chips  movies,0,1,1,0,1,0,1,1,0,1
  Milk   shoes clothes cookies  toys ,0,1,0,0,1,1,1,0,1,0
   Coronas    cookies chips  movies,0,0,1,0,0,0,1,1,0,1
   Coronas Diapers shoes clothes cookies chips toys movies,0,0,1,1,1,1,1,1,1,1
  Milk    clothes  chips  movies,0,1,0,0,0,1,0,1,0,1
 Bread   Diapers     toys ,1,0,0,1,0,0,0,0,1,0
  Milk Coronas  shoes  cookies chips  movies,0,1,1,0,1,0,1,1,0,1
   Coronas   clothes    movies,0,0,1,0,0,1,0,0,0,1
 Bread Milk  Diapers shoes  cookies chips toys movies,1,1,0,1,1,0,1,1,1,1
 Bread  Coronas Diapers  clothes   toys movies,1,0,1,1,0,1,0,0,1,1
 Bread Milk Coronas Diapers  clothes cookies chips  ,1,1,1,1,0,1,1,1,0,0
 Bread   Diapers shoes    toys ,1,0,0,1,1,0,0,0,1,0
 Bread Milk  Diapers  clothes    movies,1,1,0,1,0,1,0,0,0,1
 Bread   Diapers   cookies chips  movies,1,0,0,1,0,0,1,1,0,1
 Bread Milk  Diapers     toys ,1,1,0,1,0,0,0,0,1,0
  Milk    clothes cookies   movies,0,1,0,0,0,1,1,0,0,1
  Milk      chips  ,0,1,0,0,0,0,0,1,0,0
  Milk   shoes  cookies chips toys ,0,1,0,0,1,0,1,1,1,0
    Diapers    chips  movies,0,0,0,1,0,0,0,1,0,1
 Bread Milk    clothes   toys ,1,1,0,0,0,1,0,0,1,0
  Milk  Diapers shoes  cookies  toys movies,0,1,0,1,1,0,1,0,1,1
 Bread Milk   shoes clothes  chips toys movies,1,1,0,0,1,1,0,1,1,1
  Milk   shoes clothes   toys ,0,1,0,0,1,1,0,0,1,0
  Milk Coronas     chips toys movies,0,1,1,0,0,0,0,1,1,1
      clothes cookies   movies,0,0,0,0,0,1,1,0,0,1
   Coronas Diapers  clothes cookies chips toys movies,0,0,1,1,0,1,1,1,1,1
  Milk Coronas     chips  ,0,1,1,0,0,0,0,1,0,0
  Milk   shoes clothes  chips toys movies,0,1,0,0,1,1,0,1,1,1
   Coronas  shoes     ,0,0,1,0,1,0,0,0,0,0
  Milk Coronas      toys movies,0,1,1,0,0,0,0,0,1,1
 Bread  Coronas Diapers  clothes    ,1,0,1,1,0,1,0,0,0,0
 Bread  Coronas Diapers shoes clothes  chips  movies,1,0,1,1,1,1,0,1,0,1
 Bread   Diapers    chips toys movies,1,0,0,1,0,0,0,1,1,1
  Milk    clothes   toys ,0,1,0,0,0,1,0,0,1,0
  Milk  Diapers shoes   chips  ,0,1,0,1,1,0,0,1,0,0
  Milk  Diapers shoes clothes   toys ,0,1,0,1,1,1,0,0,1,0
 Bread   Diapers   cookies  toys ,1,0,0,1,0,0,1,0,1,0
 Bread Milk   shoes clothes    ,1,1,0,0,1,1,0,0,0,0
 Bread  Coronas Diapers      ,1,0,1,1,0,0,0,0,0,0
 Bread Milk Coronas Diapers  clothes  chips toys movies,1,1,1,1,0,1,0,1,1,1
 Bread   Diapers shoes clothes   toys ,1,0,0,1,1,1,0,0,1,0
 Bread   Diapers  clothes cookies  toys movies,1,0,0,1,0,1,1,0,1,1
  Milk Coronas  shoes  cookies  toys movies,0,1,1,0,1,0,1,0,1,1
  Milk  Diapers shoes clothes   toys movies,0,1,0,1,1,1,0,0,1,1
  Milk Coronas   clothes  chips  ,0,1,1,0,0,1,0,1,0,0
 Bread Milk  Diapers  clothes cookies chips  movies,1,1,0,1,0,1,1,1,0,1
 Bread Milk  Diapers   cookies chips  ,1,1,0,1,0,0,1,1,0,0
 Bread Milk      chips  ,1,1,0,0,0,0,0,1,0,0
  Milk  Diapers  clothes  chips toys ,0,1,0,1,0,1,0,1,1,0
 Bread   Diapers   cookies   movies,1,0,0,1,0,0,1,0,0,1
 Bread    shoes clothes cookies chips toys movies,1,0,0,0,1,1,1,1,1,1
 Bread Milk  Diapers  clothes  chips toys movies,1,1,0,1,0,1,0,1,1,1
   Coronas    cookies chips toys movies,0,0,1,0,0,0,1,1,1,1
 Bread Milk Coronas  shoes clothes cookies   movies,1,1,1,0,1,1,1,0,0,1
 Bread Milk   shoes clothes cookies chips toys ,1,1,0,0,1,1,1,1,1,0
   Coronas  shoes clothes    ,0,0,1,0,1,1,0,0,0,0
     shoes  cookies   ,0,0,0,0,1,0,1,0,0,0
 Bread Milk   shoes clothes   toys ,1,1,0,0,1,1,0,0,1,0
    Diapers shoes  cookies chips toys ,0,0,0,1,1,0,1,1,1,0
 Bread Milk Coronas       movies,1,1,1,0,0,0,0,0,0,1
   Coronas   clothes    movies,0,0,1,0,0,1,0,0,0,1
  Milk Coronas  shoes clothes  chips toys ,0,1,1,0,1,1,0,1,1,0
  Milk Coronas   clothes    ,0,1,1,0,0,1,0,0,0,0
 Bread Milk Coronas Diapers   cookies chips  ,1,1,1,1,0,0,1,1,0,0
 Bread  Coronas Diapers shoes clothes cookies  toys ,1,0,1,1,1,1,1,0,1,0
 Bread Milk   shoes clothes cookies  toys movies,1,1,0,0,1,1,1,0,1,1
       cookies   ,0,0,0,0,0,0,1,0,0,0
  Milk   shoes    toys movies,0,1,0,0,1,0,0,0,1,1
  Milk Coronas Diapers shoes clothes   toys ,0,1,1,1,1,1,0,0,1,0
 Bread Milk   shoes  cookies  toys movies,1,1,0,0,1,0,1,0,1,1
 Bread   Diapers shoes clothes    ,1,0,0,1,1,1,0,0,0,0
 Bread Milk  Diapers   cookies chips  movies,1,1,0,1,0,0,1,1,0,1
 Bread Milk   shoes clothes cookies  toys ,1,1,0,0,1,1,1,0,1,0
 Bread Milk Coronas   clothes  chips  movies,1,1,1,0,0,1,0,1,0,1
  Milk Coronas Diapers   cookies  toys movies,0,1,1,1,0,0,1,0,1,1
 Bread Milk Coronas  shoes clothes   toys ,1,1,1,0,1,1,0,0,1,0
   Coronas Diapers shoes clothes   toys movies,0,0,1,1,1,1,0,0,1,1
  Milk   shoes  cookies  toys ,0,1,0,0,1,0,1,0,1,0
 Bread Milk Coronas Diapers shoes    toys movies,1,1,1,1,1,0,0,0,1,1
 Bread Milk Coronas  shoes clothes  chips toys movies,1,1,1,0,1,1,0,1,1,1
 Bread Milk Coronas    cookies chips toys ,1,1,1,0,0,0,1,1,1,0
 Bread Milk Coronas     chips  ,1,1,1,0,0,0,0,1,0,0
 Bread Milk     cookies chips  movies,1,1,0,0,0,0,1,1,0,1
 Bread Milk    clothes cookies  toys ,1,1,0,0,0,1,1,0,1,0
 Bread Milk Coronas    cookies chips  movies,1,1,1,0,0,0,1,1,0,1
  Milk   shoes  cookies   ,0,1,0,0,1,0,1,0,0,0
 Bread Milk  Diapers  clothes cookies  toys ,1,1,0,1,0,1,1,0,1,0
 Bread Milk Coronas Diapers shoes clothes  chips toys ,1,1,1,1,1,1,0,1,1,0
  Milk   shoes clothes   toys ,0,1,0,0,1,1,0,0,1,0
 Bread Milk  Diapers      ,1,1,0,1,0,0,0,0,0,0
    Diapers      ,0,0,0,1,0,0,0,0,0,0
 Bread     clothes cookies  toys ,1,0,0,0,0,1,1,0,1,0
  Milk   shoes clothes cookies   ,0,1,0,0,1,1,1,0,0,0
 Bread  Coronas  shoes clothes  chips  movies,1,0,1,0,1,1,0,1,0,1
  Milk Coronas    cookies  toys movies,0,1,1,0,0,0,1,0,1,1
   Coronas  shoes clothes cookies   ,0,0,1,0,1,1,1,0,0,0
  Milk Coronas Diapers   cookies chips toys movies,0,1,1,1,0,0,1,1,1,1
 Bread  Coronas Diapers shoes     movies,1,0,1,1,1,0,0,0,0,1
    Diapers      movies,0,0,0,1,0,0,0,0,0,1
 Bread Milk  Diapers shoes  cookies   movies,1,1,0,1,1,0,1,0,0,1
   Coronas Diapers shoes   chips  ,0,0,1,1,1,0,0,1,0,0
   Coronas  shoes clothes cookies chips  ,0,0,1,0,1,1,1,1,0,0
  Milk Coronas  shoes    toys movies,0,1,1,0,1,0,0,0,1,1
   Coronas Diapers shoes   chips toys ,0,0,1,1,1,0,0,1,1,0
 Bread   Diapers   cookies chips toys movies,1,0,0,1,0,0,1,1,1,1
   Coronas  shoes  cookies chips  movies,0,0,1,0,1,0,1,1,0,1
  Milk Coronas Diapers shoes    toys ,0,1,1,1,1,0,0,0,1,0
   Coronas  shoes     ,0,0,1,0,1,0,0,0,0,0
       cookies chips toys ,0,0,0,0,0,0,1,1,1,0
  Milk Coronas Diapers shoes clothes  chips toys movies,0,1,1,1,1,1,0,1,1,1
   Coronas  shoes   chips  ,0,0,1,0,1,0,0,1,0,0
    Diapers  clothes   toys movies,0,0,0,1,0,1,0,0,1,1
  Milk Coronas   clothes  chips  movies,0,1,1,0,0,1,0,1,0,1
  Milk  Diapers shoes     ,0,1,0,1,1,0,0,0,0,0
 Bread    shoes  cookies   ,1,0,0,0,1,0,1,0,0,0
 Bread  Coronas Diapers shoes clothes    movies,1,0,1,1,1,1,0,0,0,1
   Coronas  shoes clothes   toys movies,0,0,1,0,1,1,0,0,1,1
  Milk Coronas      toys movies,0,1,1,0,0,0,0,0,1,1
 Bread Milk  Diapers     toys ,1,1,0,1,0,0,0,0,1,0
  Milk  Diapers   cookies  toys movies,0,1,0,1,0,0,1,0,1,1
   Coronas Diapers   cookies  toys movies,0,0,1,1,0,0,1,0,1,1
    Diapers  clothes cookies chips  ,0,0,0,1,0,1,1,1,0,0
 Bread  Coronas  shoes  cookies   movies,1,0,1,0,1,0,1,0,0,1
 Bread Milk Coronas   clothes   toys ,1,1,1,0,0,1,0,0,1,0
 Bread     clothes cookies   movies,1,0,0,0,0,1,1,0,0,1
  Milk   shoes clothes  chips  movies,0,1,0,0,1,1,0,1,0,1
 Bread Milk Coronas   clothes    movies,1,1,1,0,0,1,0,0,0,1
 Bread Milk  Diapers shoes   chips  movies,1,1,0,1,1,0,0,1,0,1
 Bread Milk    clothes cookies  toys ,1,1,0,0,0,1,1,0,1,0
 Bread  Coronas  shoes clothes  chips  movies,1,0,1,0,1,1,0,1,0,1
       cookies chips toys ,0,0,0,0,0,0,1,1,1,0
 Bread  Coronas Diapers  clothes    ,1,0,1,1,0,1,0,0,0,0
  Milk Coronas  shoes     ,0,1,1,0,1,0,0,0,0,0
  Milk  Diapers  clothes  chips toys ,0,1,0,1,0,1,0,1,1,0
 Bread Milk  Diapers   cookies   movies,1,1,0,1,0,0,1,0,0,1
  Milk  Diapers  clothes   toys ,0,1,0,1,0,1,0,0,1,0
 Bread Milk  Diapers shoes clothes  chips toys movies,1,1,0,1,1,1,0,1,1,1
      clothes  chips toys ,0,0,0,0,0,1,0,1,1,0
 Bread   Diapers  clothes  chips  movies,1,0,0,1,0,1,0,1,0,1
    Diapers shoes   chips  movies,0,0,0,1,1,0,0,1,0,1
  Milk   shoes  cookies chips toys ,0,1,0,0,1,0,1,1,1,0
  Milk Coronas      toys movies,0,1,1,0,0,0,0,0,1,1
 Bread   Diapers   cookies chips  ,1,0,0,1,0,0,1,1,0,0
 Bread   Diapers shoes clothes   toys movies,1,0,0,1,1,1,0,0,1,1
 Bread   Diapers shoes  cookies  toys movies,1,0,0,1,1,0,1,0,1,1
   Coronas  shoes clothes cookies chips  ,0,0,1,0,1,1,1,1,0,0
 Bread Milk Coronas  shoes clothes cookies  toys ,1,1,1,0,1,1,1,0,1,0
   Coronas  shoes   chips  ,0,0,1,0,1,0,0,1,0,0
 Bread Milk  Diapers   cookies chips toys movies,1,1,0,1,0,0,1,1,1,1
 Bread  Coronas  shoes   chips toys ,1,0,1,0,1,0,0,1,1,0
   Coronas Diapers shoes clothes cookies  toys movies,0,0,1,1,1,1,1,0,1,1
 Bread Milk Coronas  shoes clothes  chips toys ,1,1,1,0,1,1,0,1,1,0
 Bread   Diapers  clothes cookies  toys movies,1,0,0,1,0,1,1,0,1,1
 Bread    shoes clothes    ,1,0,0,0,1,1,0,0,0,0
 Bread  Coronas    cookies   ,1,0,1,0,0,0,1,0,0,0
  Milk Coronas Diapers shoes  cookies chips toys movies,0,1,1,1,1,0,1,1,1,1
   Coronas Diapers    chips toys ,0,0,1,1,0,0,0,1,1,0
 Bread Milk  Diapers   cookies  toys ,1,1,0,1,0,0,1,0,1,0
 Bread  Coronas Diapers      movies,1,0,1,1,0,0,0,0,0,1
 Bread  Coronas Diapers      ,1,0,1,1,0,0,0,0,0,0
   Coronas Diapers  clothes cookies   ,0,0,1,1,0,1,1,0,0,0
    Diapers     toys ,0,0,0,1,0,0,0,0,1,0
 Bread   Diapers shoes  cookies   movies,1,0,0,1,1,0,1,0,0,1
 Bread  Coronas Diapers   cookies   ,1,0,1,1,0,0,1,0,0,0
 Bread   Diapers   cookies chips toys ,1,0,0,1,0,0,1,1,1,0
 Bread   Diapers shoes   chips  ,1,0,0,1,1,0,0,1,0,0
  Milk  Diapers shoes  cookies  toys ,0,1,0,1,1,0,1,0,1,0
  Milk  Diapers shoes   chips toys ,0,1,0,1,1,0,0,1,1,0
 Bread   Diapers shoes  cookies chips  ,1,0,0,1,1,0,1,1,0,0
 Bread Milk  Diapers shoes    toys movies,1,1,0,1,1,0,0,0,1,1
 Bread Milk  Diapers shoes clothes cookies chips  movies,1,1,0,1,1,1,1,1,0,1
 Bread         movies,1,0,0,0,0,0,0,0,0,1
   Coronas  shoes   chips toys movies,0,0,1,0,1,0,0,1,1,1
 Bread Milk Coronas Diapers    chips  ,1,1,1,1,0,0,0,1,0,0
  Milk Coronas  shoes    toys ,0,1,1,0,1,0,0,0,1,0
 Bread  Coronas  shoes clothes cookies chips  ,1,0,1,0,1,1,1,1,0,0
        chips toys movies,0,0,0,0,0,0,0,1,1,1
 Bread Milk    clothes cookies  toys movies,1,1,0,0,0,1,1,0,1,1
  Milk Coronas   clothes    ,0,1,1,0,0,1,0,0,0,0
 Bread   Diapers  clothes cookies chips  ,1,0,0,1,0,1,1,1,0,0
 Bread Milk Coronas Diapers shoes clothes cookies chips  movies,1,1,1,1,1,1,1,1,0,1
 Bread     clothes cookies  toys ,1,0,0,0,0,1,1,0,1,0
     shoes clothes   toys ,0,0,0,0,1,1,0,0,1,0
 Bread Milk Coronas Diapers   cookies chips toys movies,1,1,1,1,0,0,1,1,1,1
 Bread Milk  Diapers     toys ,1,1,0,1,0,0,0,0,1,0
       cookies  toys ,0,0,0,0,0,0,1,0,1,0
      clothes   toys ,0,0,0,0,0,1,0,0,1,0
     shoes   chips  ,0,0,0,0,1,0,0,1,0,0
 Bread Milk Coronas Diapers      ,1,1,1,1,0,0,0,0,0,0
 Bread Milk Coronas Diapers  clothes  chips  movies,1,1,1,1,0,1,0,1,0,1
  Milk    clothes cookies chips toys ,0,1,0,0,0,1,1,1,1,0
  Milk     cookies chips toys ,0,1,0,0,0,0,1,1,1,0
 Bread Milk  Diapers shoes clothes   toys movies,1,1,0,1,1,1,0,0,1,1
 Bread    shoes clothes  chips  movies,1,0,0,0,1,1,0,1,0,1
  Milk  Diapers shoes     ,0,1,0,1,1,0,0,0,0,0
 Bread  Coronas   clothes    ,1,0,1,0,0,1,0,0,0,0
 Bread  Coronas  shoes   chips  ,1,0,1,0,1,0,0,1,0,0
        chips  movies,0,0,0,0,0,0,0,1,0,1
   Coronas     chips  movies,0,0,1,0,0,0,0,1,0,1
 Bread Milk Coronas  shoes clothes  chips  movies,1,1,1,0,1,1,0,1,0,1
  Milk  Diapers shoes clothes   toys movies,0,1,0,1,1,1,0,0,1,1
 Bread Milk  Diapers shoes     ,1,1,0,1,1,0,0,0,0,0
   Coronas Diapers shoes  cookies   movies,0,0,1,1,1,0,1,0,0,1
  Milk Coronas       movies,0,1,1,0,0,0,0,0,0,1
  Milk Coronas   clothes    ,0,1,1,0,0,1,0,0,0,0
 Bread Milk Coronas Diapers   cookies  toys movies,1,1,1,1,0,0,1,0,1,1
 Bread     clothes cookies chips  ,1,0,0,0,0,1,1,1,0,0
 Bread  Coronas Diapers shoes clothes  chips  movies,1,0,1,1,1,1,0,1,0,1
     shoes  cookies  toys movies,0,0,0,0,1,0,1,0,1,1
 Bread Milk Coronas    cookies chips  movies,1,1,1,0,0,0,1,1,0,1
 Bread Milk Coronas  shoes clothes  chips toys ,1,1,1,0,1,1,0,1,1,0
 Bread  Coronas Diapers  clothes  chips  ,1,0,1,1,0,1,0,1,0,0
  Milk    clothes cookies chips toys ,0,1,0,0,0,1,1,1,1,0
 Bread Milk    clothes  chips toys ,1,1,0,0,0,1,0,1,1,0
  Milk  Diapers      movies,0,1,0,1,0,0,0,0,0,1
   Coronas Diapers shoes clothes cookies chips toys ,0,0,1,1,1,1,1,1,1,0
  Milk     cookies   movies,0,1,0,0,0,0,1,0,0,1
  Milk  Diapers shoes clothes cookies chips  movies,0,1,0,1,1,1,1,1,0,1
 Bread Milk  Diapers shoes  cookies  toys movies,1,1,0,1,1,0,1,0,1,1
 Bread Milk  Diapers  clothes cookies chips  movies,1,1,0,1,0,1,1,1,0,1
 Bread Milk Coronas Diapers shoes clothes cookies  toys movies,1,1,1,1,1,1,1,0,1,1
 Bread Milk   shoes clothes cookies chips  movies,1,1,0,0,1,1,1,1,0,1
 Bread Milk Coronas Diapers    chips  ,1,1,1,1,0,0,0,1,0,0
    Diapers      ,0,0,0,1,0,0,0,0,0,0
   Coronas     chips toys ,0,0,1,0,0,0,0,1,1,0
     shoes     movies,0,0,0,0,1,0,0,0,0,1
 Bread Milk Coronas  shoes  cookies   movies,1,1,1,0,1,0,1,0,0,1
 Bread Milk Coronas Diapers shoes clothes  chips toys ,1,1,1,1,1,1,0,1,1,0
  Milk Coronas  shoes  cookies  toys movies,0,1,1,0,1,0,1,0,1,1
 Bread     clothes cookies   movies,1,0,0,0,0,1,1,0,0,1
    Diapers shoes     movies,0,0,0,1,1,0,0,0,0,1
  Milk Coronas Diapers shoes clothes cookies chips toys ,0,1,1,1,1,1,1,1,1,0
    Diapers  clothes cookies chips  movies,0,0,0,1,0,1,1,1,0,1
 Bread   Diapers shoes clothes  chips toys ,1,0,0,1,1,1,0,1,1,0
  Milk Coronas Diapers shoes  cookies chips  movies,0,1,1,1,1,0,1,1,0,1
  Milk Coronas  shoes   chips toys movies,0,1,1,0,1,0,0,1,1,1
     shoes clothes cookies  toys ,0,0,0,0,1,1,1,0,1,0
 Bread   Diapers shoes  cookies chips toys ,1,0,0,1,1,0,1,1,1,0
   Coronas    cookies   movies,0,0,1,0,0,0,1,0,0,1
  Milk Coronas   clothes   toys ,0,1,1,0,0,1,0,0,1,0
  Milk Coronas  shoes clothes  chips  movies,0,1,1,0,1,1,0,1,0,1
  Milk   shoes clothes cookies   ,0,1,0,0,1,1,1,0,0,0
 Bread Milk  Diapers  clothes  chips  ,1,1,0,1,0,1,0,1,0,0
 Bread  Coronas   clothes   toys ,1,0,1,0,0,1,0,0,1,0
   Coronas Diapers shoes   chips  ,0,0,1,1,1,0,0,1,0,0
 Bread Milk Coronas Diapers shoes  cookies   ,1,1,1,1,1,0,1,0,0,0
    Diapers  clothes cookies   movies,0,0,0,1,0,1,1,0,0,1
     shoes  cookies   movies,0,0,0,0,1,0,1,0,0,1
 Bread       chips  ,1,0,0,0,0,0,0,1,0,0
  Milk   shoes  cookies   movies,0,1,0,0,1,0,1,0,0,1
 Bread Milk Coronas Diapers   cookies chips  movies,1,1,1,1,0,0,1,1,0,1
 Bread   Diapers  clothes cookies   movies,1,0,0,1,0,1,1,0,0,1
   Coronas  shoes clothes cookies chips  movies,0,0,1,0,1,1,1,1,0,1
 Bread Milk Coronas Diapers shoes clothes cookies   movies,1,1,1,1,1,1,1,0,0,1
  Milk Coronas       ,0,1,1,0,0,0,0,0,0,0
 Bread Milk  Diapers shoes clothes  chips  movies,1,1,0,1,1,1,0,1,0,1
  Milk   shoes clothes cookies   movies,0,1,0,0,1,1,1,0,0,1
 Bread  Coronas  shoes clothes cookies  toys ,1,0,1,0,1,1,1,0,1,0
     shoes clothes    movies,0,0,0,0,1,1,0,0,0,1
 Bread  Coronas    cookies chips toys movies,1,0,1,0,0,0,1,1,1,1
      clothes  chips  movies,0,0,0,0,0,1,0,1,0,1
    Diapers  clothes cookies  toys movies,0,0,0,1,0,1,1,0,1,1
      clothes  chips toys movies,0,0,0,0,0,1,0,1,1,1
 Bread  Coronas Diapers    chips toys movies,1,0,1,1,0,0,0,1,1,1
  Milk  Diapers shoes   chips  movies,0,1,0,1,1,0,0,1,0,1
 Bread Milk    clothes cookies  toys ,1,1,0,0,0,1,1,0,1,0
 Bread   Diapers shoes  cookies chips toys ,1,0,0,1,1,0,1,1,1,0
 Bread    shoes clothes cookies   movies,1,0,0,0,1,1,1,0,0,1
  Milk  Diapers shoes clothes cookies chips toys movies,0,1,0,1,1,1,1,1,1,1
  Milk Coronas Diapers shoes   chips toys movies,0,1,1,1,1,0,0,1,1,1
  Milk   shoes   chips toys movies,0,1,0,0,1,0,0,1,1,1
 Bread  Coronas Diapers shoes clothes cookies chips toys movies,1,0,1,1,1,1,1,1,1,1
 Bread  Coronas     chips toys movies,1,0,1,0,0,0,0,1,1,1